ack	1942874478
ackdyn	1795647313
binary-trees	2885794424
cfold	2870650402
collatz	2663553201
deriv	3595358986
fannkuch-linear	3526980423
fannkuch-redux	8334573438
fasta	5239048289
fib	1801680451
harmonic	1986978398
k-nucleotide	11234765850
mandelbrot	2108558536
mandelbrot-pbm	3203762590
nbody	2905247229
nqueens	2365284710
pidigits	3638669587
qsort	3822870203
rbtree	3038616377
rbtree-ck	3923640208
regex-redux	9683972718
reverse-complement	2984864334
spectral-norm	7443397796
spectral-norm-linear	10279572177
tak	2001902473
unionfind	3336701031
