ack	1675911000
ackdyn	1118740000
binary-trees	1692762000
cfold	1616187000
collatz	1407062000
deriv	2230893000
fannkuch-linear	2325443000
fannkuch-redux	5420348000
fasta	2990175000
fasta-redux	3767554000
fib	1019047000
harmonic	1169365000
k-nucleotide	14006030000
mandelbrot	1654550000
mandelbrot-pbm	1936850000
nbody	1796636000
nqueens	1318046000
pidigits	1925802000
qsort	2524459000
rbtree	1795621000
rbtree-ck	2322936000
regex-redux	5264499000
reverse-complement	1614275000
spectral-norm	4606633000
spectral-norm-linear	5703250000
tak	1128104000
unionfind	2078462000
